,name,price_now,price_before,sale,available,stats,image,link,site,category
0,Intel Core i5-12400F CPU,1999,,,50,"['Socket-LGA', '1700', '6-Core', '12-Threads', '2.5/4.4GHz', 'Alder', 'Lake']",komplett.no/img/p/800/1203826.jpg,komplett.no/product/1203826/datautstyr/pc-komponenter/prosessorer/intel-core-i5-12400f-cpu?productList=notSet&position=1,komplett,prosessorer
1,Intel Core i9-10920X CPU,8999,,,4,"['Socket-2066', '12-Core', '24-Thread', '3.5/4.6GHz', '165W', '48', 'PCIe-lanes', 'uten', 'kjøler']",komplett.no/img/p/800/1141959.jpg,komplett.no/product/1141959/datautstyr/pc-komponenter/prosessorer/intel-core-i9-10920x-cpu?productList=notSet&position=2,komplett,prosessorer
2,Intel Core i7-10700F CPU,3249,,,9,"['Socket-LGA1200', '8-Core', '16-Thread', '2.9/4.8GHz', 'Comet', 'Lake', 'inkl', 'kjøler']",komplett.no/img/p/800/1155665.jpg,komplett.no/product/1155665/datautstyr/pc-komponenter/prosessorer/intel-core-i7-10700f-cpu?productList=notSet&position=3,komplett,prosessorer
3,Intel Core i3-10100F CPU,949,,,10,"['Socket-LGA1200', '4-Core', '8-Thread', '3.6/4.3GHz', 'Comet', 'Lake', 'inkl', 'kjøler']",komplett.no/img/p/800/1172343.jpg,komplett.no/product/1172343/datautstyr/pc-komponenter/prosessorer/intel-core-i3-10100f-cpu?productList=notSet&position=4,komplett,prosessorer
4,Intel Core i5-10600KF CPU,2290,,,14,"['Socket-LGA1200', '6-Core', '12-Thread', '4.1/4.8GHz', 'Comet', 'Lake', 'uten', 'kjøler']",komplett.no/img/p/800/1155714.jpg,komplett.no/product/1155714/datautstyr/pc-komponenter/prosessorer/intel-core-i5-10600kf-cpu?productList=notSet&position=5,komplett,prosessorer
5,Intel Core i7-12700KF CPU,4599,,,0,"['LGA1700', '12-Core', '20-Thread', '3.6/5.0GHz', 'Alder', 'Lake', 'uten', 'kjøler']",komplett.no/img/p/800/1197857.jpg,komplett.no/product/1197857/datautstyr/pc-komponenter/prosessorer/intel-core-i7-12700kf-cpu?productList=notSet&position=6,komplett,prosessorer
6,AMD AM4 Ryzen 7 5800X3D CPU,4999,,,49,"['Socket-AM4', '8-core', '16-thread', '3.4/4.5Ghz', '105w', '100MB', 'cache']",komplett.no/img/p/800/1212166.jpg,komplett.no/product/1212166/datautstyr/pc-komponenter/prosessorer/amd-am4-ryzen-7-5800x3d-cpu?productList=notSet&position=7,komplett,prosessorer
7,Intel Core i7-10700KF CPU,3699,,,5,"['Socket-LGA1200', '8-Core', '16-Thread', '3.8/5.1GHz', 'Comet', 'Lake', 'uten', 'kjøler']",komplett.no/img/p/800/1155674.jpg,komplett.no/product/1155674/datautstyr/pc-komponenter/prosessorer/intel-core-i7-10700kf-cpu?productList=notSet&position=8,komplett,prosessorer
8,Intel Core i7-11700 CPU,3490,,,5,"['Socket-LGA1200', '8-Core', '16-Thread', '2.5/4.9GHz', 'Rocket', 'Lake', 'inkl', 'kjøler']",komplett.no/img/p/800/1180156.jpg,komplett.no/product/1180156/datautstyr/pc-komponenter/prosessorer/intel-core-i7-11700-cpu?productList=notSet&position=9,komplett,prosessorer
9,Intel Core i5-11400 CPU,2199,,,18,"['Socket-LGA1200', '6-Core', '12-Thread', '2.6/4.4GHz', 'Rocket', 'Lake', 'inkl', 'kjøler']",komplett.no/img/p/800/1180164.jpg,komplett.no/product/1180164/datautstyr/pc-komponenter/prosessorer/intel-core-i5-11400-cpu?productList=notSet&position=10,komplett,prosessorer
10,Intel Core i9-11900F CPU,4999,,,1,"['Socket-LGA1200', '8-Core', '16-Thread', '2.5/5.2GHz', 'Rocket', 'Lake', 'inkl', 'kjøler']",komplett.no/img/p/800/1180174.jpg,komplett.no/product/1180174/datautstyr/pc-komponenter/prosessorer/intel-core-i9-11900f-cpu?productList=notSet&position=11,komplett,prosessorer
11,Intel Core i5-11500 CPU,2349,,,7,"['Socket-LGA1200', '6-Core', '12-Thread', '2.7/4.6GHz', 'Rocket', 'Lake', 'inkl', 'kjøler']",komplett.no/img/p/800/1180176.jpg,komplett.no/product/1180176/datautstyr/pc-komponenter/prosessorer/intel-core-i5-11500-cpu?productList=notSet&position=12,komplett,prosessorer
12,AMD AM4 Ryzen 7 5700G CPU,3499,,,50,"['Socket-AM4', '8-Core', '16-Thread', '3.8/4.6GHz', '65W', '7nm', 'inkl.', 'kjøler']",komplett.no/img/p/800/1189381.jpg,komplett.no/product/1189381/datautstyr/pc-komponenter/prosessorer/amd-am4-ryzen-7-5700g-cpu?productList=notSet&position=13,komplett,prosessorer
13,AMD AM4 Ryzen 5 5600G CPU,2349,,,50,"['Socket-AM4', '6-Core', '12-Thread', '3.9/4.4GHz', '65W', '7nm', 'inkl.', 'kjøler']",komplett.no/img/p/800/1189380.jpg,komplett.no/product/1189380/datautstyr/pc-komponenter/prosessorer/amd-am4-ryzen-5-5600g-cpu?productList=notSet&position=14,komplett,prosessorer
14,Intel Core i9-10900KF CPU,4949,,,3,"['Socket-LGA1200', '10-Core', '20-Thread', '3.7/5.3GHz', 'Comet', 'Lake', 'uten', 'kjøler']",komplett.no/img/p/800/1155688.jpg,komplett.no/product/1155688/datautstyr/pc-komponenter/prosessorer/intel-core-i9-10900kf-cpu?productList=notSet&position=15,komplett,prosessorer
15,Intel Core i9-12900KF CPU,7299,,,10,"['Socket-LGA1700', '16-Core', '24-Thread', '3.2/5.2GHz', 'Alderlake', 'uten', 'kjøler']",komplett.no/img/p/800/1197855.jpg,komplett.no/product/1197855/datautstyr/pc-komponenter/prosessorer/intel-core-i9-12900kf-cpu?productList=notSet&position=16,komplett,prosessorer
16,Intel Core i9-11900 CPU,4749,,,12,"['Socket-LGA1200', '8-Core', '16-Thread', '2.5/5.2GHz', 'Rocket', 'Lake', 'inkl', 'kjøler']",komplett.no/img/p/800/1180194.jpg,komplett.no/product/1180194/datautstyr/pc-komponenter/prosessorer/intel-core-i9-11900-cpu?productList=notSet&position=17,komplett,prosessorer
17,Intel Core i5-10600 CPU,2749,,,0,"['Socket-LGA1200', '6-Core', '12-Thread', '3.3/4.8GHz', 'Comet', 'Lake', 'inkl', 'kjøler']",komplett.no/img/p/800/1155718.jpg,komplett.no/product/1155718/datautstyr/pc-komponenter/prosessorer/intel-core-i5-10600-cpu?productList=notSet&position=18,komplett,prosessorer
18,Intel Core i9-11900K CPU,5299,,,39,"['Socket-LGA1200', '8-Core', '16-Thread', '3.5/5.3GHz', 'Rocket', 'Lake', 'uten', 'kjøler']",komplett.no/img/p/800/1180155.jpg,komplett.no/product/1180155/datautstyr/pc-komponenter/prosessorer/intel-core-i9-11900k-cpu?productList=notSet&position=19,komplett,prosessorer
19,Intel Core i5-10400F CPU Box,1690,,,20,"['Socket-LGA1200', '6-Core', '12-Thread', '2.9/4.3GHz', 'Comet', 'Lake', 'inkl', 'kjøler']",komplett.no/img/p/800/1155682.jpg,komplett.no/product/1155682/datautstyr/pc-komponenter/prosessorer/intel-core-i5-10400f-cpu-box?productList=notSet&position=20,komplett,prosessorer
20,Intel Core i9-12900K CPU,6899,,,14,"['Socket-LGA1700', '16-Core', '24-Thread', '3.2/5.2GHz', 'Alderlake', 'uten', 'kjøler']",komplett.no/img/p/800/1197860.jpg,komplett.no/product/1197860/datautstyr/pc-komponenter/prosessorer/intel-core-i9-12900k-cpu?productList=notSet&position=21,komplett,prosessorer
21,Intel Core i5-11600K CPU,2590,,,21,"['Socket-LGA1200', '6-Core', '12-Thread', '3.9/4.9GHz', 'Rocket', 'Lake', 'uten', 'kjøler']",komplett.no/img/p/800/1180186.jpg,komplett.no/product/1180186/datautstyr/pc-komponenter/prosessorer/intel-core-i5-11600k-cpu?productList=notSet&position=22,komplett,prosessorer
22,Intel Core i9-10900K CPU,5099,,,13,"['Socket-LGA1200', '10-Core', '20-Thread', '3.7/5.3GHz', 'Comet', 'Lake', 'uten', 'kjøler']",komplett.no/img/p/800/1155680.jpg,komplett.no/product/1155680/datautstyr/pc-komponenter/prosessorer/intel-core-i9-10900k-cpu?productList=notSet&position=23,komplett,prosessorer
23,Intel Core i7-12700K CPU,4999,,,50,"['LGA1700', '12-Core', '20-Thread', '3.6/5.0GHz', 'Alder', 'Lake', 'uten', 'kjøler']",komplett.no/img/p/800/1197698.jpg,komplett.no/product/1197698/datautstyr/pc-komponenter/prosessorer/intel-core-i7-12700k-cpu?productList=notSet&position=24,komplett,prosessorer
24,Intel Core i7-11700K CPU,4049,,,9,"['Socket-LGA1200', '8-Core', '16-Thread', '3.6/5.0GHz', 'Rocket', 'Lake', 'uten', 'kjøler']",komplett.no/img/p/800/1180177.jpg,komplett.no/product/1180177/datautstyr/pc-komponenter/prosessorer/intel-core-i7-11700k-cpu?productList=notSet&position=25,komplett,prosessorer
25,Intel Core i7-10700K CPU,5499,,,20,"['Socket-LGA1200', '8-Core', '16-Thread', '3.8/5.1GHz', 'Comet', 'Lake', 'uten', 'kjøler']",komplett.no/img/p/800/1155705.jpg,komplett.no/product/1155705/datautstyr/pc-komponenter/prosessorer/intel-core-i7-10700k-cpu?productList=notSet&position=26,komplett,prosessorer
26,Intel Core i7-12700 CPU,3499,4249.0,True,50,"['LGA1700', '12-Core', '20-Threads', '2.1/4.9GHz', 'Alder', 'Lake']",komplett.no/img/p/800/1203843.jpg,komplett.no/product/1203843/datautstyr/pc-komponenter/prosessorer/intel-core-i7-12700-cpu?productList=notSet&position=27,komplett,prosessorer
27,AMD AM4 Ryzen 5 5600 CPU,2449,,,50,"['Socket-AM4', '6-core', '12-thread', '3.5/4.2Ghz', '65w', '35MB', 'cache']",komplett.no/img/p/800/1212164.jpg,komplett.no/product/1212164/datautstyr/pc-komponenter/prosessorer/amd-am4-ryzen-5-5600-cpu?productList=notSet&position=28,komplett,prosessorer
28,AMD AM4 Ryzen 7 5700X CPU,3349,,,50,"['Socket-AM4', '8-core', '16-thread', '3.4/4.6Ghz', '65w', '36MB', 'cache']",komplett.no/img/p/800/1212165.jpg,komplett.no/product/1212165/datautstyr/pc-komponenter/prosessorer/amd-am4-ryzen-7-5700x-cpu?productList=notSet&position=29,komplett,prosessorer
29,AMD AM4 Ryzen 5 5500 CPU,1890,,,50,"['Socket-AM4', '6-core', '12-thread', '3.6/4.2Ghz', '65w', '19MB', 'cache']",komplett.no/img/p/800/1212173.jpg,komplett.no/product/1212173/datautstyr/pc-komponenter/prosessorer/amd-am4-ryzen-5-5500-cpu?productList=notSet&position=30,komplett,prosessorer
30,Intel Core i7-11700KF CPU,3890,,,50,"['Socket-LGA1200', '8-Core', '16-Thread', '3.6/5.0GHz', 'Rocket', 'Lake', 'uten', 'kjøler']",komplett.no/img/p/800/1180158.jpg,komplett.no/product/1180158/datautstyr/pc-komponenter/prosessorer/intel-core-i7-11700kf-cpu?productList=notSet&position=31,komplett,prosessorer
31,Intel Core i7-12700F CPU,4049,,,1,"['LGA', '1700', '12-Core', '20-Threads', '2.1/4.9GHz', 'Alder', 'Lake']",komplett.no/img/p/800/1203831.jpg,komplett.no/product/1203831/datautstyr/pc-komponenter/prosessorer/intel-core-i7-12700f-cpu?productList=notSet&position=32,komplett,prosessorer
32,Intel Core i5-12400 CPU,2299,,,50,"['Socket-LGA', '1700', '6-Core', '12-Threads', '2.5/4.4GHz', 'Alder', 'Lake']",komplett.no/img/p/800/1203836.jpg,komplett.no/product/1203836/datautstyr/pc-komponenter/prosessorer/intel-core-i5-12400-cpu?productList=notSet&position=33,komplett,prosessorer
33,Intel Core i9-10900X CPU,7599,,,12,"['Socket-2066', '10-Core', '20-Thread', '3.7/4.5GHz', '165W', '48', 'PCIe-lanes', 'uten', 'kjøler']",komplett.no/img/p/800/1141953.jpg,komplett.no/product/1141953/datautstyr/pc-komponenter/prosessorer/intel-core-i9-10900x-cpu?productList=notSet&position=34,komplett,prosessorer
34,Intel Core i9-10940X CPU,10190,,,5,"['Socket-2066', '14-Core', '28-Thread', '3.3/4.6GHz', '165W', '48', 'PCIe-lanes', 'uten', 'kjøler']",komplett.no/img/p/800/1141962.jpg,komplett.no/product/1141962/datautstyr/pc-komponenter/prosessorer/intel-core-i9-10940x-cpu?productList=notSet&position=35,komplett,prosessorer
35,Intel Xeon W-2295 CPU Tray,18399,,,1,"['LGA2066', '18-Core', '36-Thread', '3.0/4.6GHz', '24.75MB', 'tray', 'without', 'cooler']",komplett.no/img/p/800/1146160.jpg,komplett.no/product/1146160/datautstyr/pc-komponenter/prosessorer/intel-xeon-w-2295-cpu-tray?productList=notSet&position=36,komplett,prosessorer
36,Intel Pentium G6500 CPU Tray,1199,,,5,"['Socket-LGA1200', '2-Core', '4-Thread', '41GHz', 'Comet', 'Lake', 'inkl', 'kjøler']",komplett.no/img/p/800/1155672.jpg,komplett.no/product/1155672/datautstyr/pc-komponenter/prosessorer/intel-pentium-g6500-cpu-tray?productList=notSet&position=37,komplett,prosessorer
37,Intel Pentium G6400 CPU Tray,699,,,43,"['Socket-LGA1200', '2-Core', '4-Thread', '40GHz', 'Comet', 'Lake', 'inkl', 'kjøler']",komplett.no/img/p/800/1155691.jpg,komplett.no/product/1155691/datautstyr/pc-komponenter/prosessorer/intel-pentium-g6400-cpu-tray?productList=notSet&position=38,komplett,prosessorer
38,Intel Core i5-10500 CPU,2499,,,8,"['Socket-LGA1200', '6-Core', '12-Thread', '3.1/4.5GHz', 'Comet', 'Lake', 'inkl', 'kjøler']",komplett.no/img/p/800/1155693.jpg,komplett.no/product/1155693/datautstyr/pc-komponenter/prosessorer/intel-core-i5-10500-cpu?productList=notSet&position=39,komplett,prosessorer
39,Intel Core i3-10100 CPU,1390,,,10,"['Socket-LGA1200', '4-Core', '8-Thread', '3.6/4.4GHz', 'Comet', 'Lake', 'inkl', 'kjøler']",komplett.no/img/p/800/1155709.jpg,komplett.no/product/1155709/datautstyr/pc-komponenter/prosessorer/intel-core-i3-10100-cpu?productList=notSet&position=40,komplett,prosessorer
40,Intel Core i3-10300 CPU,1549,,,17,"['Socket-LGA1200', '4-Core', '8-Thread', '3.7/4.4GHz', 'Comet', 'Lake', 'inkl', 'kjøler']",komplett.no/img/p/800/1155723.jpg,komplett.no/product/1155723/datautstyr/pc-komponenter/prosessorer/intel-core-i3-10300-cpu?productList=notSet&position=41,komplett,prosessorer
41,Intel Core i9-12900KS CPU,8099,,,18,"['Socket-LGA1700', '16-Core', '24-Thread', '3.4/5.5GHz', 'Alderlake', 'uten', 'kjøler']",komplett.no/img/p/800/1211361.jpg,komplett.no/product/1211361/datautstyr/pc-komponenter/prosessorer/intel-core-i9-12900ks-cpu?productList=notSet&position=42,komplett,prosessorer
42,AMD AM4 Ryzen 5 4500 CPU,1670,,,50,"['Socket-AM4', '6-core', '12-thread', '3.8/4.1Ghz', '65w', '11MB', 'cache']",komplett.no/img/p/800/1212169.jpg,komplett.no/product/1212169/datautstyr/pc-komponenter/prosessorer/amd-am4-ryzen-5-4500-cpu?productList=notSet&position=43,komplett,prosessorer
43,AMD AM4 Ryzen 3 4100 CPU,1374,,,50,"['Socket-AM4', '4-core', '8-thread', '3.8/4.0Ghz', '65w', '6MB', 'cache']",komplett.no/img/p/800/1212175.jpg,komplett.no/product/1212175/datautstyr/pc-komponenter/prosessorer/amd-am4-ryzen-3-4100-cpu?productList=notSet&position=44,komplett,prosessorer
44,Intel Core i5-12600KF CPU,2999,,,16,"['Socket-LGA1700', '10-Core', '16-Thread', '3.6/4.9GHz', 'Alderlake', 'uten', 'kjøler']",komplett.no/img/p/800/1197859.jpg,komplett.no/product/1197859/datautstyr/pc-komponenter/prosessorer/intel-core-i5-12600kf-cpu?productList=notSet&position=45,komplett,prosessorer
45,Intel Core i3-10105F CPU,1090,,,50,['Socket-LGA1200'],komplett.no/img/p/800/1180119.jpg,komplett.no/product/1180119/datautstyr/pc-komponenter/prosessorer/intel-core-i3-10105f-cpu?productList=notSet&position=46,komplett,prosessorer
46,Intel Core i3-10105 CPU,1449,,,12,['Socket-LGA1200'],komplett.no/img/p/800/1180132.jpg,komplett.no/product/1180132/datautstyr/pc-komponenter/prosessorer/intel-core-i3-10105-cpu?productList=notSet&position=47,komplett,prosessorer
47,Intel Core i5-11600 CPU,2649,,,4,"['Socket-LGA1200', '6-Core', '12-Thread', '2.8/4.8GHz', 'Rocket', 'Lake', 'inkl', 'kjøler']",komplett.no/img/p/800/1180154.jpg,komplett.no/product/1180154/datautstyr/pc-komponenter/prosessorer/intel-core-i5-11600-cpu?productList=notSet&position=48,komplett,prosessorer
48,Intel Core i5-11600KF CPU,2699,,,6,"['Socket-LGA1200', '6-Core', '12-Thread', '3.9G/4.9Hz', 'Rocket', 'Lake', 'uten', 'kjøler']",komplett.no/img/p/800/1180171.jpg,komplett.no/product/1180171/datautstyr/pc-komponenter/prosessorer/intel-core-i5-11600kf-cpu?productList=notSet&position=49,komplett,prosessorer
49,Intel Core i9-11900KF CPU,4749,,,50,"['Socket-LGA1200', '8-Core', '16-Thread', '3.5/5.3GHz', 'Rocket', 'Lake', 'uten', 'kjøler']",komplett.no/img/p/800/1180188.jpg,komplett.no/product/1180188/datautstyr/pc-komponenter/prosessorer/intel-core-i9-11900kf-cpu?productList=notSet&position=50,komplett,prosessorer
50,Intel Core i7-11700F CPU,3599,,,3,"['Socket-LGA1200', '8-Core', '16-Thread', '2.5/4.9GHz', 'Rocket', 'Lake', 'inkl', 'kjøler']",komplett.no/img/p/800/1180191.jpg,komplett.no/product/1180191/datautstyr/pc-komponenter/prosessorer/intel-core-i7-11700f-cpu?productList=notSet&position=51,komplett,prosessorer
51,Intel Pentium G6405 CPU,799,,,12,['Socket-LGA1200'],komplett.no/img/p/800/1180193.jpg,komplett.no/product/1180193/datautstyr/pc-komponenter/prosessorer/intel-pentium-g6405-cpu?productList=notSet&position=52,komplett,prosessorer
52,Intel Core i9-12900F CPU,6099,,,50,"['Socket-LGA', '1700', '16-Core', '24-Thread', '2.4/5.1GHz', 'Alder', 'Lake']",komplett.no/img/p/800/1203821.jpg,komplett.no/product/1203821/datautstyr/pc-komponenter/prosessorer/intel-core-i9-12900f-cpu?productList=notSet&position=53,komplett,prosessorer
53,Intel Core i5-12600 CPU,2699,,,50,"['Socket-LGA', '1700', '6-Core', '12-Threads', '3.3/4.8GHz', 'Alder', 'Lake']",komplett.no/img/p/800/1203825.jpg,komplett.no/product/1203825/datautstyr/pc-komponenter/prosessorer/intel-core-i5-12600-cpu?productList=notSet&position=54,komplett,prosessorer
54,Intel Core i9-12900 CPU,6399,,,50,"['Socket-LGA', '1700', '16-Core', '24-Threads', '2.4/5.1GHz', 'Alder', 'Lake']",komplett.no/img/p/800/1203835.jpg,komplett.no/product/1203835/datautstyr/pc-komponenter/prosessorer/intel-core-i9-12900-cpu?productList=notSet&position=55,komplett,prosessorer
55,Intel Core i3-12100 CPU,1749,,,27,"['Socket-LGA', '1700', '4-Core', '8-Thread', '3.3/4.3GHz', 'Prosessor']",komplett.no/img/p/800/1203838.jpg,komplett.no/product/1203838/datautstyr/pc-komponenter/prosessorer/intel-core-i3-12100-cpu?productList=notSet&position=56,komplett,prosessorer
56,Intel Core i5-12500 CPU,2499,,,50,"['Socket-LGA', '1700', '6-Core', '12-Threads', '3.0/4.6GHz', 'Alder', 'Lake']",komplett.no/img/p/800/1203842.jpg,komplett.no/product/1203842/datautstyr/pc-komponenter/prosessorer/intel-core-i5-12500-cpu?productList=notSet&position=57,komplett,prosessorer
57,Intel Core i9-10900 CPU,5199,,,26,"['Socket-LGA1200', '10-Core', '20-Thread', '2.8/5.2GHz', 'Comet', 'Lake', 'inkl', 'kjøler']",komplett.no/img/p/800/1155666.jpg,komplett.no/product/1155666/datautstyr/pc-komponenter/prosessorer/intel-core-i9-10900-cpu?productList=notSet&position=58,komplett,prosessorer
58,Intel Core i7-10700 CPU Tray,3379,,,34,"['Socket-LGA1200', '8-Core', '16-Thread', '2.9/4.8GHz', 'Comet', 'Lake']",komplett.no/img/p/800/1155719.jpg,komplett.no/product/1155719/datautstyr/pc-komponenter/prosessorer/intel-core-i7-10700-cpu-tray?productList=notSet&position=59,komplett,prosessorer
59,Intel Core i3-12100F CPU,1249,,,50,"['Socket-LGA', '1700', '4-Core', '8-Threads', '3.3/4.3GHz', 'Prosessor']",komplett.no/img/p/800/1203827.jpg,komplett.no/product/1203827/datautstyr/pc-komponenter/prosessorer/intel-core-i3-12100f-cpu?productList=notSet&position=60,komplett,prosessorer
60,Intel Core i7-10700 CPU,3499,,,0,"['Socket-LGA1200', '8-Core', '16-Thread', '2.9/4.8GHz', 'Comet', 'Lake', 'inkl', 'kjøler']",komplett.no/img/p/800/1155704.jpg,komplett.no/product/1155704/datautstyr/pc-komponenter/prosessorer/intel-core-i7-10700-cpu?productList=notSet&position=61,komplett,prosessorer
61,Intel Celeron G6900 CPU,599,699.0,True,20,"['3.4', 'GHz', '4MB', 'LGA1700']",komplett.no/img/p/800/1203839.jpg,komplett.no/product/1203839/datautstyr/pc-komponenter/prosessorer/intel-celeron-g6900-cpu?productList=notSet&position=62,komplett,prosessorer
62,Intel Core i7-10700KF CPU Tray,3499,,,50,"['Socket-LGA1200', '8-Core', '16-Thread', '3.8/5.1GHz', 'Comet', 'Lake', 'tray']",komplett.no/img/p/800/1155720.jpg,komplett.no/product/1155720/datautstyr/pc-komponenter/prosessorer/intel-core-i7-10700kf-cpu-tray?productList=notSet&position=63,komplett,prosessorer
63,Intel Core i5-12600K CPU,3190,,,0,"['Socket-LGA1700', '10-Core', '16-Thread', '3.6/4.9GHz', 'Alderlake', 'uten', 'kjøler']",komplett.no/img/p/800/1197856.jpg,komplett.no/product/1197856/datautstyr/pc-komponenter/prosessorer/intel-core-i5-12600k-cpu?productList=notSet&position=64,komplett,prosessorer
64,Intel Core i5-11400F CPU,1890,,,0,"['Socket-LGA1200', '6-Core', '12-Thread', '2.6/4.4GHz', 'Rocket', 'Lake', 'inkl', 'kjøler']",komplett.no/img/p/800/1180182.jpg,komplett.no/product/1180182/datautstyr/pc-komponenter/prosessorer/intel-core-i5-11400f-cpu?productList=notSet&position=65,komplett,prosessorer
65,Intel Core i5-10400 CPU Box,1999,,,0,"['Socket-LGA1200', '6-Core', '12-Thread', '2.9/4.3GHz', 'Comet', 'Lake', 'inkl', 'kjøler']",komplett.no/img/p/800/1155684.jpg,komplett.no/product/1155684/datautstyr/pc-komponenter/prosessorer/intel-core-i5-10400-cpu-box?productList=notSet&position=66,komplett,prosessorer
66,Intel Core i5-10600K CPU,2999,,,0,"['Socket-LGA1200', '6-Core', '12-Thread', '4.1/4.8GHz', 'Comet', 'Lake', 'uten', 'kjøler']",komplett.no/img/p/800/1155669.jpg,komplett.no/product/1155669/datautstyr/pc-komponenter/prosessorer/intel-core-i5-10600k-cpu?productList=notSet&position=67,komplett,prosessorer
67,Intel Core i9-10980XE CPU,12990,,,0,"['Socket-2066', '18-Core', '36-Thread', '3.0/4.6GHz', '165W', '48', 'PCIe-lanes', 'uten', 'kjøler']",komplett.no/img/p/800/1141956.jpg,komplett.no/product/1141956/datautstyr/pc-komponenter/prosessorer/intel-core-i9-10980xe-cpu?productList=notSet&position=68,komplett,prosessorer
68,Intel Xeon W-2275 CPU Tray,14999,,,0,"['LGA2066', '14-Core', '28-Thread', '3.3/4.6GHz', '19.25MB', 'tray', 'without', 'cooler']",komplett.no/img/p/800/1146157.jpg,komplett.no/product/1146157/datautstyr/pc-komponenter/prosessorer/intel-xeon-w-2275-cpu-tray?productList=notSet&position=69,komplett,prosessorer
69,Intel Xeon W-2225 CPU Tray,6479,,,0,"['LGA2066', '4-Core', '8-Thread', '4.1/4.6GHz', '8.25M', 'tray', 'without', 'cooler']",komplett.no/img/p/800/1146158.jpg,komplett.no/product/1146158/datautstyr/pc-komponenter/prosessorer/intel-xeon-w-2225-cpu-tray?productList=notSet&position=70,komplett,prosessorer
70,Intel Xeon W-2265 CPU Tray,13779,,,0,"['LGA2066', '12-Core', '24-Thread', '3.5/4.6GHz', '19.25MB', 'tray', 'without', 'cooler']",komplett.no/img/p/800/1146159.jpg,komplett.no/product/1146159/datautstyr/pc-komponenter/prosessorer/intel-xeon-w-2265-cpu-tray?productList=notSet&position=71,komplett,prosessorer
71,Intel Xeon W-2245 CPU Tray,9299,,,0,"['LGA2066', '8-Core', '16-Thread', '3.9/4.5GHz', '16.5MB', 'tray', 'without', 'cooler']",komplett.no/img/p/800/1146162.jpg,komplett.no/product/1146162/datautstyr/pc-komponenter/prosessorer/intel-xeon-w-2245-cpu-tray?productList=notSet&position=72,komplett,prosessorer
72,Intel Xeon W-2235 CPU Tray,8099,,,0,"['LGA2066', '6-Core', '12-Thread', '3.8/4.6GHz', '8.25M', 'tray', 'without', 'cooler']",komplett.no/img/p/800/1146163.jpg,komplett.no/product/1146163/datautstyr/pc-komponenter/prosessorer/intel-xeon-w-2235-cpu-tray?productList=notSet&position=73,komplett,prosessorer
73,Intel Xeon W-2255 CPU Tray,11349,,,0,"['LGA2066', '10-Core', '20-Thread', '3.7/4.5GHz', '19.25MB', 'tray', 'without', 'cooler']",komplett.no/img/p/800/1146165.jpg,komplett.no/product/1146165/datautstyr/pc-komponenter/prosessorer/intel-xeon-w-2255-cpu-tray?productList=notSet&position=74,komplett,prosessorer
74,Intel Xeon W-3275 CPU Tray,54990,,,0,"['LGA3647', '28-Core', '56-Thread', '2.5/4.4GHz', '38.5MB', 'tray', 'without', 'cooler']",komplett.no/img/p/800/1149282.jpg,komplett.no/product/1149282/datautstyr/pc-komponenter/prosessorer/intel-xeon-w-3275-cpu-tray?productList=notSet&position=75,komplett,prosessorer
75,Intel Xeon W-3235 CPU Tray,16990,,,0,"['LGA3647', '12-Core', '24-Thread', '3.3/4.4GHz', '19.25MB', 'tray', 'without', 'cooler']",komplett.no/img/p/800/1149283.jpg,komplett.no/product/1149283/datautstyr/pc-komponenter/prosessorer/intel-xeon-w-3235-cpu-tray?productList=notSet&position=76,komplett,prosessorer
76,Intel Xeon W-3245 CPU Tray,29990,,,0,"['LGA3647', '16-Core', '32-Thread', '3.2/4.4GHz', '22MB', 'tray', 'without', 'cooler']",komplett.no/img/p/800/1149284.jpg,komplett.no/product/1149284/datautstyr/pc-komponenter/prosessorer/intel-xeon-w-3245-cpu-tray?productList=notSet&position=77,komplett,prosessorer
77,Intel Xeon W-3265 CPU Tray,44990,,,0,"['LGA3647', '24-Core', '48-Thread', '2.7/4.4GHz', '33MB', 'tray', 'without', 'cooler']",komplett.no/img/p/800/1149285.jpg,komplett.no/product/1149285/datautstyr/pc-komponenter/prosessorer/intel-xeon-w-3265-cpu-tray?productList=notSet&position=78,komplett,prosessorer
78,Intel Xeon W-3223 CPU Tray,10590,,,0,"['LGA3647', '8-Core', '16-Thread', '3.5/4.0GHz', '16.5MB', 'tray', 'without', 'cooler']",komplett.no/img/p/800/1149286.jpg,komplett.no/product/1149286/datautstyr/pc-komponenter/prosessorer/intel-xeon-w-3223-cpu-tray?productList=notSet&position=79,komplett,prosessorer
79,Intel Xeon W-1270 CPU Tray,5571,,,0,"['Socket-LGA1200', '8-Core', '16-Thread', '3.4/5.0GHz', '80W', 'uten', 'kjøler']",komplett.no/img/p/800/1155679.jpg,komplett.no/product/1155679/datautstyr/pc-komponenter/prosessorer/intel-xeon-w-1270-cpu-tray?productList=notSet&position=80,komplett,prosessorer
80,Intel Xeon W-1290P CPU,8307,,,0,"['Socket-LGA1200', '10-Core', '20-Thread', '3.7/5.3GHz', '125W', 'uten', 'kjøler']",komplett.no/img/p/800/1155696.jpg,komplett.no/product/1155696/datautstyr/pc-komponenter/prosessorer/intel-xeon-w-1290p-cpu?productList=notSet&position=81,komplett,prosessorer
81,Intel Xeon W-1250P CPU Tray,4399,,,0,"['Socket-LGA1200', '6-Core', '12-Thread', '4.1/4.5GHz', '125W', 'uten', 'kjøler']",komplett.no/img/p/800/1155699.jpg,komplett.no/product/1155699/datautstyr/pc-komponenter/prosessorer/intel-xeon-w-1250p-cpu-tray?productList=notSet&position=82,komplett,prosessorer
82,Intel Core i9-10900F CPU,4890,,,0,"['Socket-LGA1200', '10-Core', '20-Thread', '2.8/5.2GHz', 'Comet', 'Lake', 'inkl', 'kjøler']",komplett.no/img/p/800/1155710.jpg,komplett.no/product/1155710/datautstyr/pc-komponenter/prosessorer/intel-core-i9-10900f-cpu?productList=notSet&position=83,komplett,prosessorer
83,Intel Celeron G5900 CPU,599,,,0,"['Socket-LGA1200', '2-Core', '2-Thread', '3.4GHz', 'Comet', 'Lake', 'inkl', 'kjøler']",komplett.no/img/p/800/1155713.jpg,komplett.no/product/1155713/datautstyr/pc-komponenter/prosessorer/intel-celeron-g5900-cpu?productList=notSet&position=84,komplett,prosessorer
84,Intel Xeon W-1250 CPU Tray,2799,,,0,"['Socket-LGA1200', '6-Core', '12-Thread', '3.3/4.4GHz', '80W', 'uten', 'kjøler']",komplett.no/img/p/800/1155715.jpg,komplett.no/product/1155715/datautstyr/pc-komponenter/prosessorer/intel-xeon-w-1250-cpu-tray?productList=notSet&position=85,komplett,prosessorer
85,Intel Xeon W-1270P CPU Tray,5399,,,0,"['Socket-LGA1200', '8-Core', '16-Thread', '3.8/5.1GHz', '125W', 'uten', 'kjøler']",komplett.no/img/p/800/1155725.jpg,komplett.no/product/1155725/datautstyr/pc-komponenter/prosessorer/intel-xeon-w-1270p-cpu-tray?productList=notSet&position=86,komplett,prosessorer
86,Intel Core i5-10400F CPU,1949,,,0,"['Socket-LGA1200', '6-Core', '12-Thread', '2.9/4.3GHz', 'Comet', 'Lake', 'inkl', 'kjøler']",komplett.no/img/p/800/1164541.jpg,komplett.no/product/1164541/datautstyr/pc-komponenter/prosessorer/intel-core-i5-10400f-cpu?productList=notSet&position=87,komplett,prosessorer
87,Intel Core i7-10700F CPU Hyper TX3i,3869,,,0,"['Socket-LGA1200', '8-Core', '16-Thread', '2.9/4.8GHz', 'Comet', 'Lake', 'inkl', 'kjøler']",komplett.no/img/p/800/1164544.jpg,komplett.no/product/1164544/datautstyr/pc-komponenter/prosessorer/intel-core-i7-10700f-cpu-hyper-tx3i?productList=notSet&position=88,komplett,prosessorer
88,Intel Core i7-10700 CPU Hyper TX3i,3899,,,0,"['Socket-LGA1200', '8-Core', '16-Thread', '2.9/4.8GHz', 'Comet', 'Lake', 'inkl', 'kjøler']",komplett.no/img/p/800/1164545.jpg,komplett.no/product/1164545/datautstyr/pc-komponenter/prosessorer/intel-core-i7-10700-cpu-hyper-tx3i?productList=notSet&position=89,komplett,prosessorer
89,Intel Pentium G6400 CPU,899,,,0,"['Socket-LGA1200', '2-Core', '4-Thread', '40GHz', 'Comet', 'Lake', 'inkl', 'kjøler']",komplett.no/img/p/800/1164546.jpg,komplett.no/product/1164546/datautstyr/pc-komponenter/prosessorer/intel-pentium-g6400-cpu?productList=notSet&position=90,komplett,prosessorer
90,Intel Xeon E5-2698 V3 Prosessor,37999,,,0,"['Socket-LGA2011-3', '16-Core', '2.3GHz', '40MB', '135W', '22nm', 'Tray', 'uten', 'kjøler']",komplett.no/img/p/800/875302.jpg,komplett.no/product/875302/datautstyr/pc-komponenter/prosessorer/intel-xeon-e5-2698-v3-prosessor?productList=notSet&position=91,komplett,prosessorer
91,Intel Xeon Platinum 8168 Prosessor OEM,86139,,,0,"['LGA3647', '24-Core', '48-Thread', '2.7/3.7GHz', '33MB', '205W', 'OEM/tray', 'uten', 'kjøler']",komplett.no/img/p/800/965182.jpg,komplett.no/product/965182/datautstyr/pc-komponenter/prosessorer/intel-xeon-platinum-8168-prosessor-oem?productList=notSet&position=92,komplett,prosessorer
92,Intel Xeon Gold 6128 Prosessor,24819,,,0,"['LGA3647', '6-Core', '12-Thread', '3.4/3.7GHz', '19.25MB', '115W', 'uten', 'kjøler']",komplett.no/img/p/800/965183.jpg,komplett.no/product/965183/datautstyr/pc-komponenter/prosessorer/intel-xeon-gold-6128-prosessor?productList=notSet&position=93,komplett,prosessorer
93,Intel Xeon Platinum 8170 Prosessor,108389,,,0,"['LGA3647', '26-Core', '52-Thread', '2.1/3.7GHz', '35.75MB', '165W', 'uten', 'kjøler']",komplett.no/img/p/800/965184.jpg,komplett.no/product/965184/datautstyr/pc-komponenter/prosessorer/intel-xeon-platinum-8170-prosessor?productList=notSet&position=94,komplett,prosessorer
94,Intel Xeon Gold 5122 Prosessor,17989,,,0,"['LGA3647', '4-Core', '8-Thread', '3.6/3.7GHz', '16.5MB', '105W', 'uten', 'kjøler']",komplett.no/img/p/800/965185.jpg,komplett.no/product/965185/datautstyr/pc-komponenter/prosessorer/intel-xeon-gold-5122-prosessor?productList=notSet&position=95,komplett,prosessorer
95,Intel Xeon Gold 6138 Prosessor,38359,,,0,"['LGA3647', '20-Core', '40-Thread', '2.0/3.7GHz', '27.5MB', '125W', 'uten', 'kjøler']",komplett.no/img/p/800/965186.jpg,komplett.no/product/965186/datautstyr/pc-komponenter/prosessorer/intel-xeon-gold-6138-prosessor?productList=notSet&position=96,komplett,prosessorer
96,Intel Xeon Platinum 8160 Prosessor,68849,,,0,"['LGA3647', '24-Core', '48-Thread', '2.1/3.7GHz', '33MB', '150W', 'uten', 'kjøler']",komplett.no/img/p/800/965187.jpg,komplett.no/product/965187/datautstyr/pc-komponenter/prosessorer/intel-xeon-platinum-8160-prosessor?productList=notSet&position=97,komplett,prosessorer
97,Intel Xeon Platinum 8180 Prosessor,146459,,,0,"['LGA3647', '28-Core', '56-Thread', '2.5/3.8GHz', '38.5MB', '205W', 'uten', 'kjøler']",komplett.no/img/p/800/965188.jpg,komplett.no/product/965188/datautstyr/pc-komponenter/prosessorer/intel-xeon-platinum-8180-prosessor?productList=notSet&position=98,komplett,prosessorer
98,Intel Xeon Gold 5120 Prosessor,22809,,,0,"['LGA3647', '14-Core', '28-Thread', '2.2/3.2GHz', '19.25MB', '105W', 'uten', 'kjøler']",komplett.no/img/p/800/965189.jpg,komplett.no/product/965189/datautstyr/pc-komponenter/prosessorer/intel-xeon-gold-5120-prosessor?productList=notSet&position=99,komplett,prosessorer
99,Intel Xeon Silver 4108 Prosessor,6269,,,0,"['LGA3647', '8-Core', '16-Thread', '1.8/3.0GHz', '11MB', '85W', 'uten', 'kjøler']",komplett.no/img/p/800/965190.jpg,komplett.no/product/965190/datautstyr/pc-komponenter/prosessorer/intel-xeon-silver-4108-prosessor?productList=notSet&position=100,komplett,prosessorer
100,Intel Xeon Platinum 8176 Prosessor,127609,,,0,"['LGA3647', '28-Core', '56-Thread', '2.1/3.8GHz', '38.5MB', '165W', 'uten', 'kjøler']",komplett.no/img/p/800/965191.jpg,komplett.no/product/965191/datautstyr/pc-komponenter/prosessorer/intel-xeon-platinum-8176-prosessor?productList=notSet&position=101,komplett,prosessorer
101,Intel Xeon Gold 6134 Prosessor,32469,,,0,"['LGA3647', '8-Core', '16-Thread', '3.2/3.7GHz', '24.75MB', '130W', 'uten', 'kjøler']",komplett.no/img/p/800/965192.jpg,komplett.no/product/965192/datautstyr/pc-komponenter/prosessorer/intel-xeon-gold-6134-prosessor?productList=notSet&position=102,komplett,prosessorer
102,Intel Xeon Gold 6152 Prosessor,53609,,,0,"['LGA3647', '22-Core', '44-Thread', '2.1/3.7GHz', '30.25MB', '140W', 'uten', 'kjøler']",komplett.no/img/p/800/965195.jpg,komplett.no/product/965195/datautstyr/pc-komponenter/prosessorer/intel-xeon-gold-6152-prosessor?productList=notSet&position=103,komplett,prosessorer
103,Intel Xeon Gold 6142 Prosessor,43179,,,0,"['LGA3647', '16-Core', '32-Thread', '2.6/3.7GHz', '22MB', '150W', 'uten', 'kjøler']",komplett.no/img/p/800/965196.jpg,komplett.no/product/965196/datautstyr/pc-komponenter/prosessorer/intel-xeon-gold-6142-prosessor?productList=notSet&position=104,komplett,prosessorer
104,Intel Xeon Bronze 3104 Prosessor,3279,,,0,"['LGA3647', '6-Core', '6-Thread', '1.7GHz', '8.25MB', '85W', 'uten', 'kjøler']",komplett.no/img/p/800/965197.jpg,komplett.no/product/965197/datautstyr/pc-komponenter/prosessorer/intel-xeon-bronze-3104-prosessor?productList=notSet&position=105,komplett,prosessorer
105,Intel Xeon Gold 6140 Prosessor,35879,,,0,"['LGA3647', '18-Core', '36-Thread', '2.3/3.7GHz', '24.75MB', '140W', 'uten', 'kjøler']",komplett.no/img/p/800/965199.jpg,komplett.no/product/965199/datautstyr/pc-komponenter/prosessorer/intel-xeon-gold-6140-prosessor?productList=notSet&position=106,komplett,prosessorer
106,Intel Xeon Gold 6130 Prosessor,27829,,,0,"['LGA3647', '16-Core', '32-Thread', '2.1/3.7GHz', '22MB', '125W', 'uten', 'kjøler']",komplett.no/img/p/800/965200.jpg,komplett.no/product/965200/datautstyr/pc-komponenter/prosessorer/intel-xeon-gold-6130-prosessor?productList=notSet&position=107,komplett,prosessorer
107,Intel Xeon Platinum 8164 Prosessor,89509,,,0,"['LGA3647', '26-Core', '52-Thread', '2.0/3.7GHz', '35.75MB', '150W', 'uten', 'kjøler']",komplett.no/img/p/800/965201.jpg,komplett.no/product/965201/datautstyr/pc-komponenter/prosessorer/intel-xeon-platinum-8164-prosessor?productList=notSet&position=108,komplett,prosessorer
108,Intel Xeon Platinum 8156 Prosessor OEM,102479,,,0,"['LGA3647', '4-Core', '8-Thread', '3.6/3.7GHz', '16.5MB', '105W', 'OEM/tray', 'uten', 'kjøler']",komplett.no/img/p/800/966002.jpg,komplett.no/product/966002/datautstyr/pc-komponenter/prosessorer/intel-xeon-platinum-8156-prosessor-oem?productList=notSet&position=109,komplett,prosessorer
109,Intel Xeon Gold 6146 Prosessor OEM,48159,,,0,"['LGA3647', '12-Core', '24-Thread', '3.2/4.2GHz', '24.75MB', '165W', 'OEM/tray', 'uten', 'kjøler']",komplett.no/img/p/800/966003.jpg,komplett.no/product/966003/datautstyr/pc-komponenter/prosessorer/intel-xeon-gold-6146-prosessor-oem?productList=notSet&position=110,komplett,prosessorer
110,Intel Xeon Gold 6144 Prosessor OEM,42779,,,0,"['LGA3647', '8-Core', '16-Thread', '3.5/4.2GHz', '24.75MB', '150W', 'OEM/tray', 'uten', 'kjøler']",komplett.no/img/p/800/966004.jpg,komplett.no/product/966004/datautstyr/pc-komponenter/prosessorer/intel-xeon-gold-6144-prosessor-oem?productList=notSet&position=111,komplett,prosessorer
111,Intel Xeon Gold 6132 Prosessor OEM,30879,,,0,"['LGA3647', '14-Core', '28-Thread', '2.6/3.7GHz', '19.25MB', '140W', 'OEM/tray', 'uten', 'kjøler']",komplett.no/img/p/800/966006.jpg,komplett.no/product/966006/datautstyr/pc-komponenter/prosessorer/intel-xeon-gold-6132-prosessor-oem?productList=notSet&position=112,komplett,prosessorer
112,Intel Xeon Gold 5115 Prosessor OEM,17859,,,0,"['LGA3647', '10-Core', '20-Thread', '2.4/3.2GHz', '13.75MB', '85W', 'OEM/tray', 'uten', 'kjøler']",komplett.no/img/p/800/966007.jpg,komplett.no/product/966007/datautstyr/pc-komponenter/prosessorer/intel-xeon-gold-5115-prosessor-oem?productList=notSet&position=113,komplett,prosessorer
113,Intel Xeon Gold 6126 Prosessor OEM,26049,,,0,"['LGA3647', '12-Core', '24-Thread', '2.6/3.7GHz', '19.25MB', '125W', 'OEM/tray', 'uten', 'kjøler']",komplett.no/img/p/800/966008.jpg,komplett.no/product/966008/datautstyr/pc-komponenter/prosessorer/intel-xeon-gold-6126-prosessor-oem?productList=notSet&position=114,komplett,prosessorer
114,Intel Xeon Gold 5118 Prosessor OEM,18639,,,0,"['LGA3647', '12-Core', '24-Thread', '2.3/3.2GHz', '16.5MB', '105W', 'OEM/tray', 'uten', 'kjøler']",komplett.no/img/p/800/966009.jpg,komplett.no/product/966009/datautstyr/pc-komponenter/prosessorer/intel-xeon-gold-5118-prosessor-oem?productList=notSet&position=115,komplett,prosessorer
115,Intel Xeon Gold 6150 Prosessor OEM,49109,,,0,"['LGA3647', '18-Core', '36-Thread', '2.7/3.7GHz', '24.75MB', '165W', 'OEM/tray', 'uten', 'kjøler']",komplett.no/img/p/800/966010.jpg,komplett.no/product/966010/datautstyr/pc-komponenter/prosessorer/intel-xeon-gold-6150-prosessor-oem?productList=notSet&position=116,komplett,prosessorer
116,Intel Xeon Gold 6136 Prosessor OEM,35979,,,0,"['LGA3647', '12-Core', '24-Thread', '3.0/3.7GHz', '24.75MB', '150W', 'OEM/tray', 'uten', 'kjøler']",komplett.no/img/p/800/966011.jpg,komplett.no/product/966011/datautstyr/pc-komponenter/prosessorer/intel-xeon-gold-6136-prosessor-oem?productList=notSet&position=117,komplett,prosessorer
117,Intel Xeon Platinum 8158 Prosessor OEM,102479,,,0,"['LGA3647', '12-Core', '24-Thread', '3.0/3.7GHz', '24.75MB', '150W', 'OEM/tray', 'uten', 'kjøler']",komplett.no/img/p/800/966012.jpg,komplett.no/product/966012/datautstyr/pc-komponenter/prosessorer/intel-xeon-platinum-8158-prosessor-oem?productList=notSet&position=118,komplett,prosessorer
118,AMD Ryzen 9 5950X CPU,6899,,,0,"['Socket-AM4', '16-Core', '32-Thread', '3.4/4.9GHz', '105W', '7nm', 'uten', 'kjøler']",komplett.no/img/p/800/1172141.jpg,komplett.no/product/1172141/datautstyr/pc-komponenter/prosessorer/amd-ryzen-9-5950x-cpu?productList=notSet&position=119,komplett,prosessorer
119,AMD Ryzen 7 5800X CPU,3590,,,0,"['Socket-AM4', '8-Core', '16-Thread', '3.8/4.7GHz105W', '7nm', 'uten', 'kjøler']",komplett.no/img/p/800/1172139.jpg,komplett.no/product/1172139/datautstyr/pc-komponenter/prosessorer/amd-ryzen-7-5800x-cpu?productList=notSet&position=120,komplett,prosessorer
120,AMD Ryzen 9 5900X CPU,5099,,,0,"['Socket-AM4', '12-Core', '24-Thread', '3.7/4.8GHz', '105W', '7nm', 'uten', 'kjøler']",komplett.no/img/p/800/1172142.jpg,komplett.no/product/1172142/datautstyr/pc-komponenter/prosessorer/amd-ryzen-9-5900x-cpu?productList=notSet&position=121,komplett,prosessorer
121,AMD Ryzen 5 5600X CPU,2590,,,0,"['Socket-AM4', '6-Core', '12-Thread', '3.7/4.6GHz', '65W', '7nm', 'inkl.', 'kjøler']",komplett.no/img/p/800/1172140.jpg,komplett.no/product/1172140/datautstyr/pc-komponenter/prosessorer/amd-ryzen-5-5600x-cpu?productList=notSet&position=122,komplett,prosessorer
122,Intel Pentium G6600 CPU Tray,1390,,,0,"['Socket-LGA1200', '2-Core', '4-Thread', '42GHz', 'Comet', 'Lake', 'inkl', 'kjøler']",komplett.no/img/p/800/1155687.jpg,komplett.no/product/1155687/datautstyr/pc-komponenter/prosessorer/intel-pentium-g6600-cpu-tray?productList=notSet&position=123,komplett,prosessorer
